original_name,name,place_id,rating,by
1000 Islands/Kingston KOA,1000 Islands / Kingston KOA Holiday,ChIJV0iPlmqu0kwRtnhyKTBZGiw,4.2,name
1000 Islands/Mallorytown KOA Holiday Campground,1000 Islands / Mallorytown KOA Holiday,ChIJi6IdWPIUzUwRXHs1dr4c9Qc,4.1,name
Almaguin Campground,Almaguin Campgrounds,ChIJw-DHLToYKk0RW80s37RHtXM,4.8,name
Alpine RV Resort,Alpine RV Resort,ChIJ527K5iV81YkR41ZgcEWxSZI,3.2,name
Amazing Rocky Park Campground,Amazing Rocky Park Campground,ChIJ8aQzGMSJKYgR0HB-pTYRSaE,4.3,name
Arran Lake RV Resort,Arran Lake RV Resort & Campground,ChIJ2UkjZ6TEKYgRcKqQlp_b1Zc,3.4,name
Auburn Riverside Retreat,Auburn Riverside Retreat,ChIJezBHtODfKIgREnFPL46g4EU,4.5,name
Bare Oaks Family Naturist Park,Bare Oaks Family Naturist Park,ChIJJSc6-rU01YkRvDjg_-GqA4I,4.7,name
Bass Lake Park,Bass Lake Park,ChIJvVbpKWWOrIkRugH3o7TpTkQ,4.7,name
Batman's Cottages and Campground,Batman's Cottages and Campground,ChIJSeeAB34AMk0RJCDT4AXNGDk,4.4,name
Bay Meadows Park,Bay Meadows Park,ChIJZ_QbR-Oej4ARWTLb5ZDMlwU,4.4,name
Bayfort Camp,Bayfort Camp,ChIJIewsHcvEKk0R1_ZPeMISqKE,4.0,name
Bayview Trailer Park,Bayview Trailer Park,ChIJjUQxbPNQ00wRBcKy-FYjqfI,4.4,name
Bear Ridge Campground & Cottages,Bear Ridge Camp Ground,ChIJazsqsJ1TM4gRJX8afkCxOSM,4.7,name
Bell Haven Park,Bell Haven Park,ChIJI1I3_RfX1EwRQNZ3TzrfLlk,3.8,name
Bensfort Bridge Resort,Bensfort Bridge Resort,ChIJ5aMYAqbs1YkRrRJ8vdI5RXE,4.0,name
Bingemans Camping Resort,Bingemans,ChIJ1V_snq6MK4gRA8suIZwOe_4,4.1,name
Birch Bark Trailer Park,Birchbark Trailer Park,ChIJM-NapQkwL4gRiDQL_dJOPP8,4.2,name
Bissell's Hideaway Water Park & RV Resort,Bissell's Hideaway Resort,ChIJAa_6-whM04kRRnwyHBPlMwo,4.3,name
Blue Sky RV Resorts,Blue Sky RV Resorts,ChIJ9Tqm01ZbKogR_iH90LJ6DS0,4.1,name
Bon Echo Family Campground,Bon Echo Family Campground,ChIJ-1YdC08I00wRzdyDQAg1JUI,4.5,name
Booth Landing Camping & Cottages,Booth Landing Camping & Cottages,ChIJnbkw7MSkKU0RRi4bawVSTzg,4.4,name
Burnt Hills Lakeside Resort,Burnt Hills Lakeside Resort & Camping,ChIJh5RMmu9fzUwRoxdWgCK-HLw,3.8,name
By the Bay Campground & Resort,By the Bay,ChIJ878RPPbFLE0RRVoX8mMPXyI,4.6,phone
Calabogie's Lakeside Camping and RV Resort,Calabogie Camping & R.V. Resort,ChIJBW4D2HPN00wRwN4BWafVh4k,4.0,name
Cameron's Point Family Campground,Cameron's Point Family Campground,ChIJhebxw4EEzEwRTRwzy6-ylv4,3.3,name
Camp Conewango,Camp Conewango,ChIJv8uEm1VKKE0RAmEyEaN3R04,4.4,name
Camp Hither Hills,Camp Hither Hills,ChIJ5XsqttjhzUwR0UMTZadKu5k,3.7,name
Campark Resorts,Campark Resorts,ChIJN5PaKwBF04kRM9BBOXuu9CE,3.9,name
Campers Cove,Campers Cove Campground,ChIJCVTYzv-6OogROLJ-Tpxg-wQ,4.6,phone
Camping Paradis Bourget,Camping Paradis,ChIJOWwtupFkzkwRguXK_wOFupo,4.1,name
Cape Croker Park,Cape Croker Park,ChIJlzFWYqLALE0RWlOpTwAN5XI,4.6,name
Carol's Campsite,Carol Campsite and RV Park,ChIJB2N9t1r-Lk0R0Jw1QoRc18o,3.7,name
Carson's Camp,Carson's Camp,ChIJRUICSDvZKYgRdVjKdBh9AXk,4.6,name
Cedar Beach Resort,Cedar Beach Resort,ChIJp_vlhRcu1YkRhihZAvaJoOI,4.1,name
Cedar Park Resort,Cedar Park Resort,ChIJmfdDIQMG1YkRv_vqt1tf-Ic,4.4,name
Cedar Valley Resort,Cedar Valley Resort,ChIJ-3SginYp-ocRel8sv80yzkg,4.7,name
Cedar Valley Trailer Park,Cedar Valley Trailer Park,ChIJVxgY8lx51YkRG9imfFWL_PA,2.2,name
Cedardale Family Campground & Seasonal Resort,Cedardale Campground,ChIJlZXhXahs1okRJvYQuCuyddM,3.6,phone
Country Gardens RV Park,Country Gardens RV Park,ChIJecMZZOsJLIgRsR4U1d7ImHA,4.6,name
County Shores,County Shores,ChIJmVyZkE_S14kR4NBhIMYwQb8,4.8,name
Covered Bridge Park,Covered Bridge Park,ChIJwWYpKz03xIkRCSrMRW5RzWM,4.7,name
Craigleith RV Resort,Craigleith RV Resort,ChIJEU0sxL90KogRNfD9OuwPZew,4.3,name
Deer Lake RV Resort,Deer Lake RV Resort & Campground,ChIJFdsCswpyKk0RZmdNRVeTCoc,3.8,name
Double M RV Resort & Campground,Double M RV Resort & Campground,ChIJVxgY8lx51YkREKv2A_7VHvc,4.2,name
East Shore Campark,East Shore Campark,ChIJI-NcXGM41okRLd8Hz_hROHU,3.3,name
Emerald Lake Trailer Resort & Water Park,Emerald Lake,ChIJo7QjWbCBK4gRxtpDxp4qlzA,4.2,phone
Family Paradise Campground,Family Paradise Camping Park,ChIJmS1Q0nA7KYgR1l_uz7_UFo4,4.5,name
Fernbrook Resort,Fernbrook Resort,ChIJz5Qr6ed-K4gRK9ifAUGStUM,3.5,name
Fisherman's Cove Tent & Trailer Park,Fisherman's Cove,ChIJA3UUwjpRKIgRW_RLkY2uyHA,4.4,phone
Fisherman's Paradise Resort,Fisherman's Paradise Resort,ChIJpff9GZxT00wRPBGe6kcV5Zo,4.5,name
Glenrock Cottages & Trailer Park,Glenrock Cottages and Trailer Park,ChIJ31DRPDohKU0Rcke9B1L6H7s,4.3,name
Golden Beach Resort,Golden Beach Resort,ChIJQ1HyrSXm1YkRFgqLlQk5_1Y,4.0,phone
Gordon's Park Eco Resort,Gordon's Park,ChIJgeBUPJb5LU0RhTyJcJYgOZk,4.1,name
Goreski's Landing Cottage & RV Resort - Parkbridge,Goreski's Landing | A Parkbridge Cottage & RV Resort,ChIJmfhvTbNs1YkRs3e4zUcEgCA,3.6,name
Grand Oaks RV Resort,Grand Oaks RV Resort,ChIJiY9kA6fH54gRYzfr664lo8w,4.5,name
Grangeways RV Park & Family Campground,Grangeways RV Park & Family Campground,ChIJ0-Y7th031YkRsvOmSGmafnA,4.3,name
Granite Ridge Wilderness Campground,Granite Ridge Campground,ChIJ7WBGrg8XKk0RWdB46kje9VI,3.7,phone
Gravenhurst/Muskoka KOA,Gravenhurst / Muskoka KOA,ChIJ0_otbLCEKk0RFdxXVlH2MAc,4.1,name
Great Canadian Hideaway,Great Canadian Hideaway,ChIJqZfh3EIYL4gR7lu8qnufb7g,4.3,name
Green Acre Park,Green Acre Park,ChIJVw35CdH2K4gRVg__2TV8cds,4.4,name
Green Acres Campground & RV Park,Green Acres Campground & RV Park,ChIJA3UUwjpRKIgRdOD6KhzIdpg,3.6,name
Gulliver's Lake RV Resort,Gulliver's Lake RV Resort & Campground,ChIJ0e7kHgh-K4gR_YjghN8jGKc,4.1,name
Gullwing Lake Park,Gullwing Lake Park,ChIJPdIw_qrzKk0Rr8p9YDfpU2g,3.3,name
Happy Hollow Campground Inc. & RV sales,Happy Hollow Campground,ChIJt3EGwiKO2IkRT8_xh8AW8_M,4.0,name
Harbour Side Family Trailer Park,Harbour Side Trailer Park,ChIJEzSjHVdAL4gRBUYtKcNjm58,4.4,phone
Hidden Valley RV Resort,Hidden Valley R.V. Resort & Campground,ChIJc-wFX4IUBogRI-mjfecMdrg,4.4,name
Highland Pines Campground & RV Sales,Highland Pines Campground,ChIJJ2P1Y5S7K4gRXHHQIyotWho,4.2,name
Holiday Park,Holiday Park,ChIJbY9GJkhKlkcRjm7v4fO8upI,4.1,name
Hope Bay Campground,Hope Bay Campground,ChIJnXopJWvBLE0RokLF0TEjW6I,4.2,name
Horseshoe Lake Camp & Cottages,Horseshoe Lake Camp & Cottages,ChIJq6qqqhqtK00RtM2u-t8Tkbw,4.3,name
Inn on the Lake Trailer Park,Inn On The Lake Country Park,ChIJMZgIhg2aKk0RpMiJK5HTUl8,5.0,phone
Jordan Valley Campground,Dressel's Jordan Valley Campground,ChIJH8l4-61S04kRvyImNjMxtBE,4.4,name
Kilsyth Country Campground,Kilsyth Country Campground,ChIJBQjUZDnoKYgR3M19rYfPlIY,4.0,name
Klondyke Trailer Park,Klondyke Trailer Park,ChIJ4238KiM7L4gRI18oadymoKM,4.3,name
Knight's Hideaway Park,Knight's Hide-Away Park,ChIJt2LFClw-04kRfSC6TA3SIgM,3.5,name
Lafontaine RV Resort,Lafontaine RV Resort & Campground,ChIJx6RzBrHYKk0RGSLs03bBqyc,3.5,name
Lagoon Tent & Trailer Park,Lagoon Tent and Trailer Park,ChIJm4fFj79yKk0Rsfz8scSQZw8,4.4,name
Lake Avenue RV Resort,Lake Avenue RV Resort,ChIJEeSZ3P2014kRUXFvlUkvzs0,4.5,name
Lake Dore RV Resort,Lake Dore RV Resort,ChIJU9dYawBb0UwR31aXoWr8v60,4.5,name
Lakewood Christian Campground,Lakewood Christian Campground,ChIJ9zZpjDZjL4gRQ7QvjVdK7ds,4.4,name
Lancaster Park Outdoor Resort,Lancaster Park Outdoor Resort,ChIJFQr2Gt6pzkwRjV7Vc-_t8FE,4.1,name
Lands End Park,Lands End Park,ChIJc_LQ5GwLLU0RGbDZaM_Ky2I,4.4,name
Leisure Lake Cottage & RV Resort - Parkbridge,Leisure Lake | A Parkbridge Cottage & RV Resort,ChIJwZXgwq7GOogRBHIZNTBqqPw,4.2,name
Leisure Time Park & Trailer Sales,Leisure Time Park & Trailer Sales Inc,ChIJVVVVFV8eK4gRd2HW06OmRcg,4.1,name
Logos Land Resort,Logos Land Motel and Resort,ChIJfTQMxYdl0UwRCzo1bY8NqDE,4.1,name
Maple Ridge Family Campground,Maple Ridge Family Camp,ChIJcyd6bab9LE0R_T1ILwcOsac,3.7,name
Marmora KOA,Marmora KOA,ChIJ5fc6k5tF00wRqXFuyrD_J98,3.6,name
Milton Heights Campground Ltd,Milton Heights Campground,ChIJa082_T5wK4gRLEHvmbkOq-w,4.1,name
Minakwa Lodge,Minakwa Lodge,ChIJwfpZ7LrdOk0RK8FieavVxCY,4.9,name
Mississippi Lake RV Resort,Mississippi Lake RV Resort,ChIJD1L-ycIN0kwR6WwI3N5jWBc,4.4,name
Muskoka Falls Trailer Park & Campground,Gravenhurst / Muskoka KOA,ChIJ0_otbLCEKk0RFdxXVlH2MAc,4.1,name
Muskoka Ridge Trailer Park,Muskoka Ridge Trailer Park Ltd.,ChIJ4zQGsueFKk0Rk00VbUwNA5Y,4.0,name
Nith River Campground,Nith River Campground,ChIJxXRDISYHLIgROqbU0Jg8-7A,4.0,name
Noelville Family Resort,Noelville Family Resort,ChIJXXuTUdPLLk0RfvV9CHeblOY,4.6,name
North Shore RV Park,North Shore RV Park,ChIJTXt2wVYT1okRloGrrHMDPvk,4.5,name
Northwestern Tent & RV Park,Northwestern Tent & Trailer Pk,ChIJ2YxhIjGyolIR0kk_8NcZul4,4.2,name
Oakridge Family Campground,Oakridge Family Campground,ChIJc4a-f8dBL4gRrfgMTsgRpyE,5.0,name
Olympia Village RV Park and Campground,Olympia Village RV Park & Campground,ChIJX-wYyR2BLIgRFRXr3kJPMwo,4.1,name
Otter's Edge Estates,,,,address
Our Ponderosa Cottage & RV Resort - Parkbridge,Our Ponderosa | A Parkbridge Cottage & RV Resort,ChIJudzoNbZpL4gRYMsRml33YUY,4.3,name
Paradise Valley,Paradise Valley,ChIJ_WtDJ35jL4gR-GDcvYpPt9A,4.3,phone
Parc Sutton Bay Park,Sutton Bay Park,ChIJ3a0j_KB7Jk0R5dy5awcu7uA,4.6,name
Parry Sound KOA Campground,Parry Sound KOA,ChIJHTESuY6tK00RRN0-zx5Kb4g,3.8,name
Paul Bunyan Lake Front Resort,Paul Bunyan Lake Front Resort,ChIJz0uXsv7NKIgR40AnKBi1bjE,4.1,name
Paul's Creek Camping Ltd.,Paul's Creek Campground,ChIJa11dEJ9c0kwROOGV8312PQA,4.6,phone
Pickerel Park RV Resort,Pickerel Park RV Resort,ChIJiwHRie_P14kRyl97RLNuQBI,4.2,name
Pigeon Lake Park,Pigeon Lake Trailer Park Inc,ChIJVxgY8lx51YkR9aRWYkrhTLU,4.0,name
Pine Valley Park,Pine Valley Park,ChIJGTanKDJ-LIgRZ_4XW3vZ7F0,4.5,name
Pine Valley Resort,Pine Valley Resort & Campground,ChIJnb18THsd10wRxI90ut-boUc,4.8,name
Pineaires Resorts Inc,Pineaires Resorts,ChIJl20TEWW11EwRN1HWlN6g3bo,4.3,name
Point of Mara Resort & Trailer Park,Point of Mara Resort & Trailer Park,ChIJNTukLYVS1UwRR2Qhh4AZd0U,3.9,name
Quinte's Isle Campark,Quinte's Isle Campark,ChIJeVxvc_6014kRiunkEbOf2bU,4.4,name
Red Eagle Family Campground,Red Eagle Family Campground,ChIJI1n3zm2E1EwREyjrnPzB8us,4.5,name
Red Oak Travel Park,Red Oak Travel Park,ChIJUduWrKsqLIgR1vIVwKQz590,4.3,name
Remi Lake Holiday Bay,Remi Lake,ChIJrVP6fgjCPU0R3P-sIF2f46o,4.6,name
Riverside Park Motel & Campground,Riverside Park Motel and Campground,ChIJGRgPXy9A04kReeXAYHtX7oA,3.8,name
Riverwood Park,Riverwood Park Campgrounds,ChIJ1bcYhJh51YkRKvtZZre40Pg,4.5,phone
Rockcliffe Park,Rockcliffe Trailer Park,ChIJ5zYnEnQ71UwR6sDyRdRrtVA,4.4,phone
Rondeau Shores Trailer Park,Rondeau Shores Trailer Park,ChIJh89joBTdL4gRwxOIDebtI4s,4.4,name
Sandbanks River Country Campground,Sandbanks River Country Campground,ChIJJz-xZ71M1okRBfQ4rBNI-_I,4.5,name
Santa's Whispering Pines Campground,Whispering Pines Campground at Santa's Village,ChIJRx9UxuaFKk0RdVszZXOBT5Y,4.2,name
Sauble River Family Camp,Sauble River Campground,ChIJ36KqE7HMLE0RYgn1FvUNNnM,4.6,name
Saugeen Springs RV Park,Saugeen Springs R.V. Park,ChIJSzG0jD6PKYgRwuCjNkTtEkA,4.1,name
Serenity Bay Cottage & RV Park,Serenity Bay Cottage and R.V. Resort,ChIJNc_-6HxX1EwRcm8eOvQe74w,4.8,name
Serenity Hills RV Park,Serenity Bay Cottage and R.V. Resort,ChIJNc_-6HxX1EwRcm8eOvQe74w,4.8,phone
Shady Pines Campground Inc,Shady Pines Campgrounds,ChIJnazd6kMeL4gRIcvueLK0InE,4.4,name
Shamadon Resort,Shamadon Resort,ChIJAchJEBuAKYgREZud7w66_r0,4.7,name
Shelter Valley Campground,Shelter Valley Campground,ChIJN4cZx7vbKIgRsspVR9qO2Pc,4.2,name
Sherkston Shores,Sherkston Shores RV Resort,ChIJOzT8hME704kRYrg4qIdXmVg,4.4,name
Silent Valley Cottage & RV Resort - Parkbridge,Silent Valley | A Parkbridge Cottage & RV Resort,ChIJ7_eP61qAKYgRr7snU0_ISBI,4.1,name
Silver Birches RV Resort,Silver Birches RV Resort & Campground,ChIJg2CeeQZqL4gRFmoCkgnHbJM,4.4,name
Singleton Lake Family Camping & Cottages,Singleton Lake Family Campground,ChIJ5_oa3OxpzUwRjhApaDEkPpo,4.4,name
Skycroft Campground,Skycroft Campground,ChIJMVUC0Lye0kwRbu-TYMJ0rQM,4.4,name
Skyline Cottage & RV Resort - Parkbridge,Skyline | A Parkbridge Cottage & RV Resort,ChIJ36ypJavM1EwRnp5zR_whfmY,4.3,name
Spring Rock Tent & Trailer Park,Spring Rock Tent & Trailer Park,ChIJiap4h3LI1EwRR9DVAsMWykE,4.5,name
Spry Lake Camp,Spry Lake Campground,ChIJYSXn_7DMLE0RY_s7EpZZ92Y,4.1,name
Summer House Park,Summer House Park,ChIJIYYEsm8dLU0RB0xp6wnlkag,4.6,name
Tobermory Village Campground,Tobermory Village Campground,ChIJ5-BhEOwLLU0RMWPjrHMF8aw,3.8,name
Toronto West KOA,Toronto West KOA Holiday,ChIJoR8ffSF6K4gRdG7zq1ewcsc,3.7,name
Tower Manor Family Cottages & Campsites,Tower Manor Cottages and Campsites,ChIJMQhSqqjq1YkRYdiHhQGIhKU,4.2,phone
Trailside RV Resort,Trailside RV Resort & Campground,ChIJVcHjNjSuK00RC__iPumHh_c,4.1,name
Trout Haven Park,Trout Haven Park,ChIJDxmqs5gGL4gROIQ1BBgkWB4,3.8,name
Twin Lakes Camping,Twin Lakes Camping,ChIJ28wz4srGPU0RzYvU-GcWkcY,4.8,name
Veilleux Camping & Marina,Veilleux Camping & Marina,ChIJXT08VinmP00Rvp985eH9w0M,4.6,name
Wasaga Dunes RV Resort - Parkbridge,Wasaga Dunes | A Parkbridge RV Resort,ChIJ3cBd3k3TKk0R1VltLFSk978,4.2,name
Wasaga Pines Cottage & RV Resort - Parkbridge,Wasaga Pines,ChIJC4eosVvNKk0RbFCoSuO0MT0,4.2,name
Wasauksing Marina & Campground,Wasauksing Marina,ChIJ__8_b426K00Rk1iz7kRa2sA,4.3,name
Wawa RV Resort & Campground,Wawa RV Resort and Campground,ChIJ-xMCl8-gR00RUHnayebv_YM,4.3,name
Wawaitin Holiday Park,Wawaitin Holiday Park,ChIJ34Gj9L1eO00R30-K-r9nGCY,4.0,name
Wesley Clover Parks Campground,Wesley Clover Parks Campground,ChIJhw2PinYAzkwRCQDCu48XCIw,4.3,name
Wild Goose Lake Campground,Wild Goose Lake Campground,ChIJK4b1D-u0Qk0RZIhVdOHI8P0,4.3,name
Willow Lake RV Resort,USA RV Resorts Willow Lake,ChIJ88LwxceCQIYR4XW3q7OmrX8,4.4,name
Willowood RV Resort,Willowood RV Resort,ChIJka3UrV0jO4gRUeqrGoEfHLI,4.0,name
Winding River Campground Limited,Winding River Campground,ChIJB7s1FDbfKYgRruHad2_IJkA,3.9,phone
Windmill Point Park & Campground,Windmill Point Park,ChIJIbhOXOQV04kRstOpw1jcr3U,4.3,name
Wingham Trailer Park,Royal Canadian Legion Branch 180,ChIJkRsKdGcQKYgRPE-Q9PDlgPs,4.4,name
Woodland Lake RV Resort,Woodland Lake RV Resort,ChIJ8Z3FO8g3KYgRq2W_d3bl8aE,4.2,name
Woodland Park Sauble Beach,Woodland Park,ChIJbxNC_pjYKYgRjOJVrwqd06U,4.1,name
Yogi Bear's Jellystone Park/Camp-Resort,Yogi Bear's Jellystone Park,ChIJx15Dk7KX7ogRQQOmcwNFhaQ,4.5,name
1000 Islands Camping Resort,1000 Islands Camping Resort,ChIJU--j6sFGzUwRjA4QspmxaaA,2.9,name
1000 Islands/Ivy Lea KOA Kampground,1000 Islands / Ivy Lea KOA,ChIJ_yfYHtVAzUwRm9s3PMfqw6Q,4.3,name
Aintree Trailer Park Ltd,Aintree Trailer Park Ltd,ChIJEyEEEhRXKIgR_R4srOLHYzw,4.2,name
Alpine Country Trailer Park,Alpine Country Trailer Park,ChIJNdb8pw33K4gRXi7krRikSwI,3.6,name
Anchor Bay Camp,Anchor Bay Trailer Park,ChIJAQAAAIeL1YkRNHUQmZxRjbk,4.1,name
Antler's Kingfisher Lodge & Campgrounds,Antler's Kingfisher Lodge,ChIJJR5VAW6110wRqZE5ofA2FxE,4.7,name
Arcadia Campground,Arcadia Peace River Campground,ChIJ0Xq1IXO-3IgRO9lbpl-JteM,4.1,name
Ardoch Falls Wilderness Park,5891 Ardoch Rd,Eik1ODkxIEFyZG9jaCBSZCwgT21wYWgsIE9OIEswSCAySjAsIENhbmFkYSIbEhkKFAoSCeOihxeirNNMES3-EMSlGLtcEIMu,0.0,address
Arkadia Trailer Park & Cottages,ARKADIA TRAILER PARK & COTTAGES,ChIJpYFbst0v1UwRkqx8C2vAdaE,4.3,name
Arlor Haven Campground,Arlor Haven Campground,ChIJk3GDdvhJzEwR0boeWUDOzSw,3.9,name
Balsam Lake Trailer Park & Marina,Balsam Lake,ChIJy6lSB44w1UwRoZ2hFrHyUWo,4.7,name
Bancroft Campground,Bancroft Campground,ChIJc8j0WZtl1EwRpAeadpVu8CA,3.5,name
Bancroft Tent & Trailer Camp,Bancroft Tent and Trailer Camp,ChIJr-KCRk571EwRiwnNVz17l_8,4.7,name
Bass Lake Campground,Bass Lake Campground,ChIJN-0OlsBRB4gR2hr7-IC6yII,3.9,name
Bayview Lodge,Bayview Lodge,ChIJKfdh72TIvlIRrWt46QVZ36g,4.6,name
Bee Happy Campground,Bee Happy Family Campground,ChIJ_zUr7rS6KogRh8wABi2fY0M,3.3,name
Big Otter Marina & Campground,Big Otter Marina & Campgrounds,ChIJI8jiIwDYLYgRINPpxm_sozM,4.4,name
Big Valley Campground,Big Valley Camping Resort,ChIJIyJtSoBN04kRt4LAaaChV2c,3.2,name
Big Water Campground,Big Water Campground,ChIJpS-rM3C6PE0RfCwYM841rBE,4.5,name
Birdsall Beach Resort,Birdsall Beach Resort,ChIJsZrVV6v71YkRoO-yKsEwOF4,4.6,name
Black Bear Campground,Black Bear Campground,ChIJCcrI0mIlw4kRbb9SlE4EcSU,3.9,name
Black Donald Tent & Trailer Park,Black Donald Tent & Trailer Park,ChIJd-KFPCvJ00wRapOhMkQLPU8,4.7,name
Black River Wilderness Park,Black River Wilderness Park,ChIJb5Y9GrNY1UwR4gdy-y9dW5E,4.7,name
Blairton Tent and Trailer Park,Blairton Trailer Park,ChIJz2eDJepQ00wR5Wo6wulbunY,4.1,phone
Blue Heron Trailer Park,Blue Heron Trailer Park,ChIJZ4G0w9bcLIgRojJR0pOBqf4,4.1,name
Blue Water Lakes Campground,Blue Water Lakes Campground,ChIJg0KsSYOOKYgRn7auRpB1y0M,4.4,name
Blueberry Hill Motel & Campground,Blueberry Hill Motel & Campground,ChIJQwiUXZzMN00RBUmjwQMevgM,4.0,name
Bluewater Golf Course & Campground,Bluewater Golf Course and Campground,ChIJlxd-miPOKIgRrEgLQOKFtMo,4.6,name
Bona Vista Campground,BonaVista Campground Inc.,ChIJ8Q-lieZo0UwRXjvABasrxDA,3.4,name
Breezy Hill Camping & RV Park,Breezy Hill Camping,ChIJH_1bGnAe0kwR09FFKEPoAno,3.9,name
Brennan Harbour RV Park,Brennan Harbour RV Park,ChIJLwEZP_WZMU0RqtWvt49cdJY,4.6,name
Buckhorn Narrows Resort Ltd,Buckhorn Narrows Resort,ChIJb2w0YRvP1EwR_yeEue0RaMU,4.0,name
Butterfly Lake Resort,Butterfly Lake Resort,ChIJp9a-g4L1Kk0RBY4eBSybBqw,4.5,name
Cadigan's Camp and Cottages,Cadigan's Camp & Cottages,ChIJb5Uy_WjS1EwRQrI0KjEginw,4.3,name
Cameron's Beach Campground,Cameron's Beach Campground,ChIJpzF6hm86I00RrkPrXa12clY,4.4,name
Camp Ashtabula,Camp Ashtabula Cottages,ChIJq6qqqn7S1EwRunJnrWPB5ig,4.6,name
Camp Barcovan Tent & RV Resort,Camp Barcovan Tent & R.V. Resort,ChIJF5vpuSs41okR6CjtcWUZRHc,3.9,name
Camp Hillbilly Estates,Camp Hillbilly Estates,ChIJLT0XLxyfKk0RkkniCvxovlw,3.9,name
Camping Domaine Chartrand,Domaine Chartrand Camping,ChIJDUleWevwzkwRMxsh2EZMzws,3.8,name
Campinn On Duck Lake,Campinn On Duck Lake,ChIJVdzYoWhH1UwRH6sWC85jbn8,4.6,name
Candlelight on the Bay,Candle Light on the Bay,ChIJCeGYqSLKK00R-5iI78K2sZ0,5.0,name
Canoe Lake Campground,Canoe Lake Campground,ChIJVVVVVYXq0kwRN-G8N_fZW8Q,4.7,name
Casey's Park,Casey's Park,ChIJHegmRnSdLogRu-RTx5GSHik,4.4,name
Castleton Hills RV Park,Castleton Hills RV Park,ChIJRygsMTbg1YkRaNIX0aZWepE,4.7,name
Caswell's Trailer Park,Caswell's Cottages & Trailer Park,ChIJV0cNxRbEKk0RSPREjBcSfyA,4.3,name
Cedar Cove Campground,Cedar Cove Campground & Cottage rentals,ChIJCwLsj2YV1okRHCrTxbFuIUY,4.8,name
Cedar Cove Resort,Cedar Cove Resort,ChIJIzkyGTcl0kwRW_AQwc3XcT8,4.5,name
Cedar Forest Park Campground,Cedar Forest Trailer Park,ChIJG91hZYwUzUwRihEVuWN8K2U,4.7,name
Cedar Grove Park on the Bay,Cedar Grove Park,ChIJfbX2HW3b3IARm6Ri1rFn4iQ,4.6,name
Cedar Pines RV Park,Cedar Pines Campground,ChIJCXDkd7L6kIgREXX2Iq_wLVI,3.9,name
Cedar Rail Family Campground,Cedar Rail Family Campground,ChIJYfjpk4CTKYgRMDuGIdDWB3w,4.2,name
Cedar Shade Campground,Cedar Shade Campground,ChIJWWg2YKr2zkwRQskKDqnKINg,4.4,name
Century Beach Park,Century Beach Park,ChIJ-7UvQFDDLIgRh26skKafBlE,4.9,name
Chesley Lake Camp,Chesley Lake Camp,ChIJhweRoVHcKYgRp1EYzjk0tok,4.6,name
Cobourg East Campground,Cobourg East Campground,ChIJsVr2A8ve1YkRScui6GO8RL0,3.9,name
Colasante's RV Park & Marina,Colasante's R V Park & Marina,ChIJyz93MsgU1okRaQvZ5F24sxo,4.7,name
Concordia Club Campground,Concordia Club,ChIJJehNzh_1K4gR6kWbo3M1PVI,4.4,name
Conestoga Family Camp Grounds Inc,Conestoga Family Campgrounds,ChIJyS6Pb4faK4gRvzQmjTElESc,4.1,phone
Coral Park Campground,Coral Park Campgrounds,ChIJiRjLSZ17K4gRiKxZq-X3jS0,4.9,name
Credivale RV Park Ltd,14158 Mississauga Rd,ChIJQU-zXAQOK4gR6tSiQi8fYDA,0.0,address
Crystal Lake Campground/RV Park,Crystal Lake Campground and RV Park,ChIJkVTJININB4gRDPhwTW-XIUY,3.8,name
Davy Lake R&RV Campground and Resort,Davy Lake Campground and Resort,ChIJmeeGg7kzolIRjREnuXtCgz0,4.5,name
Desert Lake Family Resort,Desert Lake Family Resort,ChIJGV4UzP2V0kwRWL7TDlHcHwA,3.9,name
Doe Lake Campground Rizzort,Doe Lake Campground Rizzort,ChIJ7VHAG7siKk0RnP2glxPcKbk,4.7,name
Dreamaker Family Campground,Dreamaker Family Campground,ChIJB1BgE33dKYgRVJX6fuiPPbk,4.5,name
Dreamland Resort,Dreamland Resort,ChIJ17knNUKnwjsRAvjkwZNA3Xk,3.8,name
Duins Pineridge Resort Inc,Duins Pineridge Resort,ChIJczXdIXQfKk0RIRDyBHRPWQs,4.5,name
Egans Campground Inc,Egan's Campground Inc,ChIJUWEJ4fDvKogRehIR9eJ4FO0,4.1,name
Elm Grove Trailer Park/Family Campground,Elm Grove Trailer Park Ltd,ChIJ7ZK2B6hM1YkR5Zwi-l0AB7Q,4.6,name
Erie Shores Campground,Erie Shores Campground,ChIJH9qh72MiO4gR2CL9txIOKc0,3.8,name
Evergreen Camping & Resort,Evergreen Camping & Resort,ChIJF1krbweMzkwR471fzejsg7s,4.4,name
Evergreen Eco Family Resort,Ever Green Eco Family Resort RV/Trailer Campground,ChIJi_CwzvfcK00RbxsVHXX5ssw,4.0,name
Fairview Park Camping & Marina,Fairview Park Camping & Marina,ChIJ-QR92fyrKU0RKLifVUor6oA,3.7,name
Fenelon Valley Trailer Park,Fenelon Valley Trailer Park,ChIJWcZ1bLEl1UwRZ00BESD4ALo,4.7,name
Fiddlehead Resort Camp,Fiddlehead Resort,ChIJ5bRtAzPMLE0R_mS3HViWq34,4.7,name
Flamboro Valley Camping Resort,Flamboro Valley Camping Resort,ChIJNeksnaJ_K4gROxjnvJVQcW4,4.4,name
Footprints Resort,Footprints Resort,ChIJy17JJqRd1EwRFIy6N7w7luY,4.3,name
Friendly Acres Park,Friendly Acres Park,ChIJxU9VsSMA1okRe8dGpO3lV4o,4.1,name
Gateway Camping,Gateway Camping,ChIJGXLxrH-BKogRF8x9g1kMbL0,4.0,name
Georgian Bay Park,Georgian Bay Park,ChIJjzr6ipnTKk0R0ckCnujX1Y0,4.8,name
Glen Allan Park,Glen Allan Park,ChIJW-TkX4hQ00wRq2CnJb0LTDU,4.1,name
Glenview Cottages & Campground,Glenview Cottages,ChIJRTn2cXM2Nk0R5papdT8-CfE,4.1,name
Golden Lake Park,Golden Lake Park,ChIJcTStNawns1IRSGwaNR-pMPw,4.6,name
Golden Pond RV Resort,Golden Pond RV Resort,ChIJ7-VksCqFLogR8RAXYOYhFcg,3.7,name
Green Haven Trailer Park,Green Haven Trailer Sales & Park,ChIJg44y4EY6L4gRcX1arXWsrzg,4.4,name
Grenville Park Camping and RV Park,Grenville Park Camping & Rv Park,ChIJqeugMXOszUwRvsTXsAC1YqM,3.3,name
Haid's Hideaway Family Campground,Haid's Hideaway Family Campground,ChIJxzZFQ8gi00wRf9oVzWe5r68,4.5,name
Hammock Harbour RV Park,HAMMOCK HARBOUR,ChIJH053Y8mpKk0R6q7TDMZyZwo,4.4,name
Happy Hearts Park,Happy Hearts Tent & Trailer Park,ChIJm732WgcLLU0RPn2vJThgnUo,3.7,name
Happy Hills Resort,Happy Hills Resort,ChIJ8UMoMq2kLogRBpYCeldFV6Q,4.6,name
Happy Holiday Campground and Cottages,Happy Hoilday Campground and Cottages,ChIJo_Rxw6oaJk0Rxo_N0-Ps-EU,4.4,name
Happy Land Park Ltd,Happy Land Park,ChIJVyhPqAyEQ00RrjiCijRVDu0,4.0,phone
Heidi's Campground,Heidi's Campground,ChIJUSegufqpKogRpP_1g_uLleg,4.1,name
Heron Point,Heron Point by Pete Dye,ChIJAYBPmkyH-4gRMcpbUJmg9xc,4.6,name
Hidden Glen Trailer Park & Marina,Hidden Glen Trailer Park & Marina,ChIJM46tz9rnKk0RcI7zGzVFoHc,4.6,name
Hideaway Trailer Park,Hideaway Trailer Park,ChIJF7rL7Jk11okR8W6C4r38Fr0,3.7,name
Highland RV Resort,Highland Trailer Park & RV Resort,ChIJIaSsGKLFLIgR6COWCRl--CU,4.2,phone
Highland View Resort,Highland View Resort,ChIJs6qTT0bu1YkR078toKI2VBQ,4.4,name
Hillside Lake Park Recreation Inc,Hillside Lake Park,ChIJz8T0IrhzLIgRSJQ8EVc0aos,4.4,name
Holiday Beach Family RV Park,Holiday Beach RV Park,ChIJsYGupSIGLIgRblQZzopn520,3.9,phone
Holiday Pines,Holiday Pines Campground,ChIJEd8Wz7H8zokRN_5fxVtYXnE,4.2,name
Indian River Family Resort,Indian River Family Resort,ChIJKc7b4NPx1YkRQ7f-s_AZjPE,4.3,name
Inner Bay Marina & Trailer Park,INNER BAY MARINA & TRAILER PARK,ChIJRbwiKf62LYgR076wqBSHnY0,4.5,name
Inverness Tent & Trailer Park,Inverness Tent & Trailer Park,ChIJ3zQyxLhgKk0RK-0QvXQf_xs,4.8,name
Ipperwash Family Campground,Ipperwash Family Campground,ChIJ-1wMlAJCL4gR7TjLBJpK89s,3.9,name
Iroquois Trail Campsite,Iroquois Trail Camp Site,ChIJUXZAbO4Y1okRV_3sbFav4HM,3.5,name
Island Spirits,Island Spirits,ChIJq6qqqr7u1YkRMP3kuqdJyvQ,4.7,phone
Islandview Trailer Park,Island View Park,ChIJJ2TLZLE91UwRPgbtzj_fgik,4.3,phone
Jell-E-Bean Campground Limited,Jell-e-Bean Campground & Trailer Park,ChIJ8-bRfJp9KogRO0isIaYbJq0,3.3,name
John Bayus Park Ltd,John Bayus Park,ChIJz0yu_eB4LIgRAM-h5kzNlFM,4.3,name
Kawartha Trails Resort,Kawartha Trails Resort,ChIJqZ6SZXeT1YkRRolS7SgGVmI,4.4,name
Kenorus Campground & RV Resort,Kenorus Campground & R V Resort,ChIJq9AhxRHJKYgR4baqcvhjYPM,4.6,name
Kings Portage Park,Kings Portage Park,ChIJM46tz9rnKk0R7yOA3XGLxQk,4.3,name
Knight's Beach Resort,Knight's Beach Resort,ChIJpzXnT5DnLIgR0K0yH0N0nT0,3.6,name
Lake Bernard Park,Lake Bernard Park,ChIJmTRohrkgKk0RUIw73IhW7Uw,4.4,name
Lake Consecon Resort,Lake Consecon Resort,ChIJF4Aj7OlA1okRoFfQit9C6Ww,3.8,name
Lakefield Campgrounds,Lakefield Park & Campground,ChIJl20TEWW11EwR5UbBYNl93QM,4.0,name
Lancaster Cottage & Trailer Resort,Lancaster Cottage & Trailer Resort,ChIJ1yrds_-M1YkRxhKWQajxWPg,4.2,name
Landings Campground,Landings Campground,ChIJn-A_c1EZWkARaSRUlQTP-08,4.5,name
Lauderdale Point Marina & Resort Inc,Lauderdale Point Marina & Resort,ChIJE83o9m2iKk0RziSIDLuf0CQ,4.4,name
Layzee Acres Park,Layzee Acres Campground,ChIJQfY7ctZa1UwRtBRi4yaL350,4.0,name
Lazy Rock RV Park & Campground,Lazy Rock,ChIJ9zWTP10rKE0RebVsgxgwOj0,4.9,name
Lighthouse RV Resort,Lighthouse RV Resort Inc,ChIJj2p-cDVtTIYRu2beGDlSrAo,3.8,name
Little Austria Trailer Park,Lyons Little Austria,ChIJVZjoGDEVLIgRRG5WCkpS9oc,3.8,name
Log Cabin Point,Log Cabin Point,ChIJVVVVVZmz14kREirJHX5qSYU,4.7,name
Log Chateau Park,Log Chateau Park,ChIJoXn70r0l1UwR0z_-GRYw-uw,4.7,name
Long Point Eco-Adventures,Long Point Eco Adventures,ChIJHzSpHV-xLYgRaMlLb5T5DJk,4.7,name
Loon Lake Resort,Loon Lake Resort,ChIJee4RrzI400wR9NQnZVWFNVI,4.9,phone
Loon's Call Campground & Cottage Resort,Loon's Call Campground,ChIJKZg6-nwI00wR1Kg-xEPzmXc,4.6,name
Lost Forest Park,Lost Forest Park,ChIJxbl8I9xiK4gRPNtwGVgqiB8,4.6,name
Lovesick Lake Park Inc,Lovesick Lake Park,ChIJvwUL2mq41EwR2DgbnEC97XA,4.3,name
Lutterworth Valley Trailer Park,Lutterworth Valley Trailer Park,ChIJQyMFOMM91UwRShWq6LYdbKI,3.9,name
Lyndhurst Golf & Trailer Park,Lyndhurst Golf Course,ChIJx92gDA1L1YkR9ilPY4cCpyU,4.1,name
MacDonald Turkey Point Marina Inc,MacDonald Turkey Point Marina Inc.,ChIJ26MGXGuxLYgRoW560yMUtV4,4.4,name
MacKenzie Tent & Trailer Park,MacKenzie Tent and Trailer Park,ChIJJy_3ojHvKIgROltJRIx9HCI,4.4,name
Maitland Valley Marina & Resort Park,Maitland Valley Marina And Resort Park,ChIJl6Q6_iLDKIgRmEKCyzohOrU,4.3,name
Manitoulin Resort Ltd,Manitoulin Resort,ChIJ4f2M-m_3LU0RIR7MiuwhZSg,4.4,name
Maple View Campground,Maple View Campground,ChIJ-Udb0A4qA4gRhMHdS8jSTEo,4.4,name
Maplewood Acres RV Park Inc,Maplewood Acres RV Park,ChIJ1wfR5_KpzkwRdCBSnkdBGzE,4.6,name
Mariner's Paradise Trailer Resort,Mariner's Paradise,ChIJU29mxefGKk0ROcmgUERHztw,3.9,name
McGowan Lake Campground,McGowan Lake Campground,ChIJc29jV39g0kwR0HPEoSLDNmk,4.7,name
Meadowbrook Campground,Meadowbrook Camping Area,ChIJox1LOjuDrUwRJ1YFMo4a0Gs,4.1,name
Meadows End Trailer Park,Meadows End Trailer Park,ChIJMwXb5y1b1UwREWNrNvPUs3Y,4.8,name
Merkel's Camp,Merkel's Camp,ChIJB-LXPMC-olIRukxHW8repCI,5.0,name
Miller's Family Camp,Miller's Family Camp,ChIJy9c-FpsCLU0RlwLZj6-g1dc,4.4,name
Mine Mill 598 Campground,Mine Mill Local 598 / CAW Campground,ChIJ0QSVwEP-Lk0RoVGwaBz4i5I,3.9,name
Mitchell's Bay Marine Park Ltd,Mitchell's Bay Marine Park Limited,ChIJKfDgNRv5L4gR-sbcGgjz0NI,4.3,name
Morning Mist Resort Inc.,Morning Mist Resort,ChIJlbtOfzUA10wRVf5adr3j1iM,4.8,name
Mountain Trout Camp,Mountain Trout Camp,ChIJ57yzhXf-LE0R0vNY1CX2U_w,4.8,name
Muskoka Bible Centre Campground,Muskoka Bible Centre,ChIJg_xe5S1yKk0RGRl7WW7KZTg,4.7,name
N.E.T. Camping Resort,NET Camping Resort,ChIJr7FezUuzLIgRmbbDBzE24HI,4.0,name
Narrows Lock Campground,Narrows Lock Campground,ChIJ7-qVO06B0kwRBXv_1zpEtzY,4.8,name
Neezh Meegwunun Family Campground & Cabins,Neezh Meegwunun Family Campground,ChIJJ0H9l_ZR1YkR-bOUb1tMODA,4.5,name
Nicolston Dam,Nicolston Dam,ChIJu1pNy1jpKogRxphge9qu0A8,4.2,name
Nogies Creek Resort,Nogies Creek Resort,ChIJI1I3_RfX1EwRsHeVIcB0VpA,4.6,name
Nor-Halton Park,Nor Halton Park,ChIJ_____0h0K4gRBmTRaB-N71k,4.5,name
North Sauble Sands Campground,North Sauble Sands Campground,ChIJRWoHQtjYKYgRJVWXHKBj2NY,4.4,name
Oak Bay Resort,Oak Bay Beach Hotel,ChIJW6942Ul0j1QRV66FpPVf4wo,4.5,name
Opeongo Mountain Resort,Opeongo Mountain Resort,ChIJpQ8WqC_j00wROxC3HFWcF7Y,4.6,name
O'Reilly Lake Family Campground,O'Reilly Lake Family Campground,ChIJDY5BtpLw0kwRBDgQOlQJLfw,4.2,name
Ottawa's Poplar Grove Campground/RV Park,Ottawa's Poplar Grove Campground/ RV Park,ChIJp93dJF3gzUwRBcXQlXcOoMU,3.6,name
Panorama Camp - Cottages & Trailer Park,Panorama Camp - Cottages & Trailer Park,ChIJfcd6KT7UKE0RTYVB-Vdh8Zo,4.3,name
Park Haven Lake,Park Haven Lake,ChIJkTtCewwaLIgR8U9DPWH2NtM,4.1,name
Pike Lake Golf Centre Limited,Pike Lake Golf Centre Limited,ChIJXx1X61d8KYgRnakkmrtxUu0,4.5,name
Pine Echo Camp,Pine Echo Camp,ChIJrR-74thsKYgR9YP_fb3K23M,4.5,name
Pine Grove Point Campground,Pine Grove Point Campground Inc.,ChIJNc_-6HxX1EwROwpyCFdZLJY,4.5,name
Pine Haven Cottages and Campground,Pinehaven Cottages & Campground,ChIJ_____z-W00wRIaUzo2lUu9c,4.3,name
Pine Lake Campground of Ontario,Pine Lake Family Campground,ChIJCfKTj_vNKIgR1h6hlr97Cc8,4.6,name
Pleasure Park RV Resort Inc.,Pleasure Park RV Resort,ChIJ1WKQ70kNzUwRrtt4EwiGmrU,3.9,name
Ponderosa Campground,Ponderosa Campground,ChIJ_ZrvNDGRkoARzDX7_6HK1Os,4.2,name
Primrose Park,Primrose Park,ChIJY_9oJKWuEmsRwM_x-Wh9AQ8,4.5,name
Prospect Hill Camping Grounds,Prospect Hill Camping Ground,ChIJy6uTKUzBLogR5aFmSblV3M0,4.1,name
Recreationland,Recreationland Tent & Trailer Park,ChIJA0y4NgdrzkwRdfAAJbfEh5s,3.8,phone
Red Bay Tent & Trailer Park,Red Bay Tent & Trailer Park,ChIJh19Kj-7PLE0RCDQHriKVZUM,4.4,name
Red Setter Resort,Red Setter Resort,ChIJQdmd5BRU00wRIDzssaggXts,4.3,name
Reids Lake Campground,Reids Lake Campground,ChIJr9lLtOzV00wR8ylewJUAtbc,4.4,name
Rideau Acres Campground,Rideau Acres Campground,ChIJ8XDTqDao0kwRp0cmiXuPi8o,4.1,name
Rideau Mac Resort,Rideau Mac Resort,ChIJkZgTAhJ-zUwRO8DDvJrgp6U,4.4,name
River Haven Resort,River Haven Resort,ChIJV9MATrEDLE0RrH__DW42_Ek,3.8,name
River Place Campground Ltd.,River Place Campground,ChIJE4W5r4RIrlIRjxiZwltrKfg,3.4,name
River Run,RiverRun Rafting,ChIJtXyUKBlr0UwR6VuUEgdPZ1A,4.5,phone
Riverview Campground,22164 Valleyview Rd,EjIyMjE2NCBWYWxsZXl2aWV3IFJkLCBUaG9ybmRhbGUsIE9OIE4wTSAyUDAsIENhbmFkYSIcEhoKFAoSCUvZ1BbD6i6IEdogMRWvVnW_EJStAQ,0.0,address
Rocher Rouge Campground,Rocher Rouge Campground,ChIJg2dGTgoNLk0RKlYsu9se8V0,5.0,name
Rochester Place Golf Club & Resort,Rochester Place Golf Club & Parkside Grille,ChIJ8x0IP0DLOogRm-7J9KDdu9Y,4.4,phone
Rock Island Camp,Rock Island Camp,ChIJz5_CjqByzUwRkCvvdo-87jg,4.7,name
Rocksprings Family Camp & KOA,Kerrville KOA Journey,ChIJa5xqwqJYWYYRYFs5t04hUM4,4.2,name
Roebuck Campground,Roebuck Family Camp Ground,ChIJq83KL89SK00RaYM4dRatTBg,4.5,name
Roth Park Family Campground,Roth Park Family Campground,ChIJW8PlQYLILE0RSr6t96b1umM,4.0,phone
Rus-Ton Family Campground,Rus-Ton Family Campground,ChIJ4238KiM7L4gRtSyDiWBPing,4.4,name
Salem Woods Trailer Park,Salem Woods Trailer Park,ChIJ7Vzat_101okRLhrMwgq8SLg,3.4,name
Sand Bay Family Campground,Pontins Sand Bay Holiday Park,ChIJR3cLVkD5cUgR5-592TFKGrU,3.3,name
Sandaraska Park,Sandaraska Park,ChIJaRA5PIWh1YkR1RD98ZClDMQ,4.5,name
Sandbanks Beach Resort,Sandbanks Beach Resort,ChIJ8Yh3TQhM1okRh0U2tHvVj5I,4.2,name
Sandy Beach Resort & Trailer Court,Sandy Beach Resort & Trailer Court Ltd,ChIJPQLJOtMx1UwRfDzPzS-Jjs4,4.6,name
Sauble Beach Resort Camp,Sauble Beach Resort Camp,ChIJRWoHQtjYKYgRygy_QgT7E6Q,3.5,name
Sauble Falls Tent & Trailer Park,Sauble Falls Tent & Trailer Camp,ChIJCchGd6HYKYgRGHpDhYbO0wg,3.7,name
Saugeen Cedars Family Campground,Saugeen Cedars Family Campground,ChIJw-5m_yGFKYgRqILTfVx6GSY,4.0,name
Saugeen Riverbank,Saugeen Riverbank Campground,ChIJT-cgtTiZKYgR5EIuGp6FQdQ,4.8,name
Sault Ste Marie KOA Holiday,Sault Ste. Marie KOA Holiday,ChIJTxIpLu42Nk0Rggk4-sX0bCs,4.4,name
Scott's Tent and Trailer Park,Scott's Family Campground,ChIJXw6crvtE04kRPTpMuI25fNk,4.0,phone
Shangri-La Niagara,Shangri-La Niagara Family Campground.,ChIJh_Kz9GhN04kR68GLgtOVAmY,3.1,name
Shelter Valley Park,Shelter Valley Park,ChIJZ72LQGPe1YkR8SJzF8GrPjM,3.5,name
Sherwood Park Campground,Sherwood Park Campground,ChIJRbQfHjhIVEARjxz3bhzf3a0,4.1,name
Shore Acres Park,Shore Acres State Park,ChIJzakeBbh4w1QRLBFxH_zYPXo,4.9,name
Sid Turcotte Park,Sid Turcotte Park,ChIJpwxeFloqKE0Rnv1pjtaWMfc,4.5,name
Silver Dove Estates,Silver Dove Estates,ChIJwykjHmOuL4gR0IdiurAzTQs,4.6,name
Silver Lake Tent & Trailer Park,Silver Lake Tent & Trailer Park,ChIJf2JkgwsBKYgRhbY6nfbp8lI,4.4,name
Silverstone Camping,Silverstone Camping,ChIJjVc_wBUbd0gRqSCRRRlOXDk,4.6,name
Sleepy Cedars Family Camping,Sleepy Cedars Family Camping,ChIJR_jBfVYGzkwRzvbRyMIfo3M,4.4,name
Smith's Trailer Park & Camp Midland Limited,Smith's Trailer Park & Camp,ChIJqZ10ed_aKk0RFV1P40-hLKE,4.0,name
Smugglers Cove RV Resort,Smugglers Cove,ChIJD96zif7YVkARIkXmUWdKiBg,4.2,name
Spanish River Resort & Campground,Spanish River Resort and Campground - formerly Mitchells Camp,ChIJ840tjjWXMU0RMmTJaCmvkfA,4.4,name
Sportsman's Park,Sportsmans Park Restaurant & Bar,ChIJxSU3qrjM2IcRTufEd94lh6c,4.3,name
Springwater Trailer Resort and Campground,Spring water Trailer Resort,ChIJQ6CBldcM1YkRFW2cMyohgj8,3.1,name
St Clair Shores Campground,St Clair Shores Recreation,ChIJtUx_4ebXJIgRcsvZ4r4_hdg,4.0,name
Stanley Park,Stanley Park,ChIJo-QmrYxxhlQRFuIJtJ1jSjY,4.8,name
Stark's Golf Course & Trailer Park,Stark's Golf Course,ChIJr_Yq2v63LYgR4yg8H8LhVGM,4.4,name
Steamboat Bay RV Resort,Steamboat Bay,ChIJ6QBK5uZ50UwRbLMgRRcc-so,4.4,name
Stoney Point Resort,Stony Point Resort & Campground,ChIJp4Fbll3YuVIRqg6SADrypXs,4.4,name
Sturgeon Falls KOA,Sturgeon Falls KOA Holiday,ChIJVVVVpSEnKU0RvmC-qwkS6Ew,4.5,name
Summer Place Trailer Resort,Summer Place Park,ChIJcxfb_gazK4gRyF3Z3X5NESs,4.0,name
Summerland Rideau,Summerland Rideau,ChIJjxxLaEpezUwRrinDGYI_uG4,4.3,name
Sunny Acres Resort,Sunny Acres Trailer Park,ChIJeZFOdgQw1UwRY95RErs-mHk,4.8,name
Sunny Hill Resort,Sunny Hill Resort & Golf Course,ChIJo3LyzuzH3YkRJ697mmdsuTQ,4.6,name
Sunset Country Campground Inc,Sunset Country Camp Ground Inc,ChIJH9tOTD_t0kwRDwUN6Yv9hNM,4.3,name
Sunset Shores Resort,Sunset Shores Resort Cadillac,ChIJOyNx8rIIH4gRwtbRkK99hOo,4.4,name
Terrawoods on Muskoka Shores,Terrawoods Resort on Muskoka Shores,ChIJ8eOjCFmtK00R1eSiNvNR-1g,4.0,name
The Cache Campground,Cache Campground,ChIJ-ayPGrluCUERm7m7V5Y3N0I,4.5,name
The Homestead Trailer Park Ltd,The Homestead Trailer Park Ltd,ChIJVaW2fj5l1EwRAY_qI0dYEHM,4.5,name
The Summer Place Marina & Campground,The Summer Place Marina & Campgrounds,ChIJPbvhpwLeL4gR9WaJtvSME1o,4.3,name
Tipi Adventure,Tipi Adventure,ChIJh_-YaX5McEgReJ8ABoHcyZw,5.0,name
To Jo's Christian Family Campground,To Jo's Christian Family Camp,ChIJXcmZHP7MKk0RnvtGjZPERMM,4.7,name
Toronto North/Cookstown KOA,Toronto North / Cookstown KOA Holiday,ChIJmdVeSszAKogRruqxq1jHIlY,4.3,name
Trailer Park on the Bay,Trailer Park on the Bay,ChIJ5zYnEnQ71UwRYi7TIAvvamg,4.2,name
Tranquil Acres Camping,Tranquil Acres Camping,ChIJjUMC_NwO0kwRBRl96g79mw0,4.0,name
Trillium Woods Campground,Trillium Woods Campground,ChIJc7HGAifMLE0REAKtDwCX6tM,4.6,name
Trout Water Family Camping Ltd,Trout Water Family Camping Ltd,ChIJKVsVu_JC1YkRnRNlXt-WSqs,3.7,name
Twin Cedars Park,Twin Cedars Park,ChIJiQqvDE8F00wR1uUQ0mFrRSM,4.6,name
United Empire Loyalist Heritage Centre and Park,UEL Heritage Centre & Park (Museum),ChIJnwEuCobF14kRb5cjkwSBimE,4.4,phone
Upper Canada Campground,Upper Canada Campground,ChIJ21Q-wXZJzEwRJLFsEec9YKo,4.3,name
Victoria Park Campground,Victoria Park Campgrounds,ChIJ00RthKPF1YkRtqigpHGqVxk,4.3,name
Wabigoon Lake RV Park,Wabigoon Lake RV Park,ChIJiSUNcu--olIRJmPtEHvJa18,4.5,name
Waterways Campground,Waterways Campground,ChIJg4Xtmn2B0kwRSI3wU2l4dk8,4.6,name
Wessell's Adult Trailer Park,8314 ON-35,Eiw4MzE0IE9OLTM1LCBNaW5kZW4gSGlsbHMsIE9OIEswTSAySzAsIENhbmFkYSIbEhkKFAoSCe931_JBDtVMEU_FfvEjD_GUEPpA,0.0,address
West Pines Park Resort,West Pines Park Resort,ChIJqdcVPd441EwRj-vik3gzmu0,4.7,name
Whispering Pines Family Campground,Whispering Pines Family Campground,ChIJfyJOEkhNNIgRVJKXxMGBEDI,4.5,name
Whispering Pines Resort,Whispering Pines Resort,ChIJ39jRHd_JKIcR7aXIivz6hdw,4.8,name
Whistle Bare Campground,Whistle Bare Campground,ChIJn_lc2aZ1LIgR-1NUI4F2Hyw,4.5,name
White Birches Camp,White Birches Camp,ChIJx7ZS0uVnKU0RBK1q0MubJwo,5.0,name
White Lake RV Park,White Lake RV Park,ChIJIfKNuoUo0kwRQYone0ZLOhs,4.3,name
Wildwood Campground,Wildwood Family Campground,ChIJy9cCD_lpyYkRbm2U2v0s4ss,4.0,name
Wildwood Golf & RV Resort,Wildwood Golf & RV Resort,ChIJly2YdR4jO4gRJOmiquX3hJQ,4.5,name
Willow Lake Campground and RV Park Woodstock,Camping World of Woodstock,ChIJr2BKxo1r9YgRo60JsjcJ7fM,4.0,name
Windmill Family Campground,Windmill Family Campground,ChIJW2nEhgvJLogRPD_iqcif4dg,4.5,name
Wolf River Park,Wolf River Nature Area,ChIJzW6yQ3qbf4gRrE-0x4IwXPA,4.8,name
Woodcrest Resort Park,Woodcrest Resort Park,ChIJibNhD2gG00wRGl1hLX9hbns,4.5,name
Woodland Camp Site,Woodland Camp Site,ChIJAQAAAIeL1YkReUBKaFA6_q4,4.1,name
Woodland Park â€“ Arden,Woodland park,ChIJj_Zu0MDi0kwRLiOyN47Nbls,4.6,name
Woodland RV Park,Woodland RV Park,ChIJx-2HV6CpZlMRJjbbk2_8un8,4.3,name
Yogi Bear's Jellystone Park & Camp-Resort,Yogi Bear's Jellystone Park,ChIJx15Dk7KX7ogRQQOmcwNFhaQ,4.5,name
